refine,bow
cock
guarantee
1,개 맞추었습니다.
fucking,era
6.2220141887664795,동안 플레이 하였습니다.
2,개 맞추었습니다.
eden,wan
5,동안 플레이 하였습니다.
2,개 맞추었습니다.
mode,cds
6
2

3,동안 플레이 하였습니다.
0,개 맞추었습니다.

3,동안 플레이 하였습니다.
0,개 맞추었습니다.
banned,accommodations
11,동안 플레이 하였습니다.
2,개 맞추었습니다.
broadway,concerts,funeral
11,동안 플레이 하였습니다.
3,개 맞추었습니다.
internal,leaving,cruz
6,동안 플레이 하였습니다.
3,개 맞추었습니다.
ebook,confident,universe
9,동안 플레이 하였습니다.
3,개 맞추었습니다.
thumb,reform,borough
8,초 동안 플레이 하였습니다.
3,개 맞추었습니다.
fall
6,초 동안 플레이 하였습니다.
1,개 맞추었습니다.
burner,classical,consent
9,초 동안 플레이 하였습니다.
3,개 맞추었습니다.



1초 동안 플레이 하였습니다.
0,개 맞추었습니다.

2초 동안 플레이 하였습니다.
0 개 맞추었습니다.
